test_5746,00:1e:06:36:0b:44
test_1166,00:1e:06:35:54:77
test_8092,00:1e:06:35:59:b4
test_8128,b8:27:eb:2a:dc:d7
test_2776,00:1e:06:35:58:a6
test_8124,00:1e:06:35:57:07
test_8265,00:1e:06:33:ea:74
test_1164,00:1e:06:34:7a:4f
test_4491,00:1e:06:35:58:b3
test_1786,00:1e:06:35:58:43
test_3540,00:1e:06:36:0e:07
test_5458,b8:27:eb:87:28:4e
test_1831,b8:27:eb:5e:89:55
test_1464,b8:27:eb:41:0b:c9
test_9296,00:1e:06:34:7f:ae
test_7384,b8:27:eb:d6:05:ad
test_4151,00:1e:06:34:7f:5a
test_4727,00:1e:06:35:57:e0
test_1549,00:1e:06:34:7f:4f
test_5124,00:1e:06:36:12:51
test_5826,00:1e:06:35:54:76
test_4654,00:1e:06:35:58:9f
test_1521,00:1e:06:35:57:eb
test_3267,b8:27:eb:6d:a4:79
test_8540,00:1e:06:35:57:0e
test_5623,b8:27:eb:a9:76:bc
test_7965,00:1e:06:35:57:08
test1-15,b8:27:eb:59:08:b5
test_3515,b8:27:eb:0c:88:e4
test1-16,b8:27:eb:fa:9e:b2
test_1206,b8:27:eb:a5:0f:31
test_NOID,00:1e:06:35:aa:28
test_6215,00:1e:06:35:59:b2
test_8440,b8:27:eb:3c:85:4c
test_4287,b8:27:eb:df:64:77
test_2100,00:1e:06:35:56:6b
test_1048,00:1e:06:34:79:d3
test_1267,00:1e:06:36:0e:09
test_2580,00:1e:06:35:57:0d
test_8172,b8:27:eb:e1:5b:92
test_1751,00:1e:06:35:57:12
test_8973,b8:27:eb:ea:e7:52
test_8846,00:1e:06:35:59:b1
test_5238,00:1e:06:35:56:6d
test_6025,00:1e:06:34:ff:c2
test_1962,00:1e:06:35:58:ab
test_9702,b8:27:eb:14:13:a0
test_1960,00:1e:06:34:9f:0c
test_7107,00:1e:06:36:0d:9f
test_9892,b8:27:eb:fd:10:9b
test_1372,b8:27:eb:1e:c3:f9
test_5689,00:1e:06:35:56:6a
test_4302,b8:27:eb:d7:42:96
test_2787,00:1e:06:35:58:4f
test_6445,00:1e:06:35:57:14
test_3557,b8:27:eb:1c:22:bf
test_1374,00:1e:06:35:57:fe
test_5838,00:1e:06:36:0b:45
test_4404,00:1e:06:35:56:6e
test_4818,b8:27:eb:a5:6f:ee
test_6318,b8:27:eb:bf:7c:71
test1-08,b8:27:eb:07:05:91
test1-09,b8:27:eb:d8:10:b6
test_7234,00:1e:06:35:57:dc
test_1332,b8:27:eb:17:ac:87
test_1666,00:1e:06:35:59:b3
test_1769,00:1e:06:36:08:8d
test_1622,b8:27:eb:24:f3:99
test1-06,b8:27:eb:a7:1d:af
test1-07,b8:27:eb:98:69:a9
test1-04,00:1e:06:33:f2:02
test1-05,b8:27:eb:4e:e4:0e
